Department,Salary
Finance,36666.666666666664
HR,26000.0
IT,32333.333333333332
Unknown,40000.0
